Network,Measure,Final Train Error,Min Test Error,Kendalls Tau,Best Config,Running Time Networkit,Running Time NN,Time Difference
Adolescent health network,Degree,0.012623889,0.011846805,0.9369,128_4,0.002361,0.015722,-0.013361
Adolescent health network,Eigenvector Centrality,0.0043812534,0.006168665,0.2619,128_4,0.004767,0.01346,-0.008693
Adolescent health network,PageRank,0.032829396,0.031344097,0.715,64_3,0.003185,0.007078,-0.003893
Yeast network,Degree,0.0049522077,0.005312606,0.7564,64_3,2.9e-05,0.004978,-0.00495
Yeast network,Eigenvector Centrality,0.0023595053,0.0018900381,0.4611,256_3,0.040555,0.013417,0.027138
Yeast network,PageRank,0.004542186,0.005384265,0.8033,128_3,0.002283,0.007283,-0.005
