Network,Measure,Final Train Error,Min Test Error,Kendalls Tau,Best Config,Running Time Networkit,Running Time NN,Time Difference
Adolescent health network,Degree,0.012623889,0.011846805,0.9369,128_4,0.00215,0.000175,0.001975
Adolescent health network,Eigenvector Centrality,0.0043812534,0.006168665,0.2619,128_4,0.004036,0.000155,0.003881
Adolescent health network,PageRank,0.032829396,0.031344097,0.715,64_3,0.002646,0.000152,0.002494
Yeast network,Degree,0.0049522077,0.005312606,0.7564,64_3,1.9e-05,0.000151,-0.000132
Yeast network,Eigenvector Centrality,0.0023595053,0.0018900381,0.4611,256_3,0.017124,0.000154,0.01697
Yeast network,PageRank,0.004542186,0.005384265,0.8033,128_3,0.002725,0.000271,0.002454
