Network,Measure,Final Train Error,Min Test Error,Kendalls Tau,Best Config,Running Time Networkit,Running Time NN,Time Difference
Adolescent health network,Degree Centrality,0.00094760314,0.0010537703,0.214820591669093,32_3,0.0017364999999998076,0.00017689999999959127,0.0015596000000002164
Adolescent health network,Eigenvector Centrality,0.0014923259,0.001796144,0.34413128473179955,32_5,0.012465599999999633,0.00022799999999278953,0.012237600000006843
Adolescent health network,PageRank,0.9746319,1.0553672,0.7370268672258409,256_4,0.004832500000000017,0.0001922999999806052,0.004640200000019412
Yeast network,Degree Centrality,0.0005982004,0.0007275658,0.5006448346364542,32_3,3.140000000012577e-05,0.00028090000000702275,-0.000249500000006897
Yeast network,Eigenvector Centrality,0.00091164117,0.00097073335,0.5963581365348656,64_5,0.035782199999999875,0.0002587999999832391,0.035523400000016636
Yeast network,PageRank,0.4350325,0.62912476,0.8514900471910398,256_3,0.002319799999999539,0.00028760000009242503,0.002032199999907114
