Network,Measure,Final Train Error,Min Test Error,Kendalls Tau,Best Config,Running Time Networkit,Running Time NN,Time Difference
Adolescent health network,Degree,0.012623889,0.011846805,0.9369,128_4,0.00239,0.000313,0.002076
Adolescent health network,Eigenvector Centrality,0.0043812534,0.006168665,0.2619,128_4,0.004667,0.00032,0.004347
Adolescent health network,PageRank,0.032829396,0.031344097,0.715,64_3,0.003046,0.000336,0.002711
Yeast network,Degree,0.0049522077,0.005312606,0.7564,64_3,2.1e-05,0.000177,-0.000157
Yeast network,Eigenvector Centrality,0.0023595053,0.0018900381,0.4611,256_3,0.019203,0.000308,0.018895
Yeast network,PageRank,0.004542186,0.005384265,0.8033,128_3,0.002764,0.000354,0.00241
